{
  "project_info": {
    "project_number": "241897784853",
    "project_id": "social-media-f86e0",
    "storage_bucket": "social-media-f86e0.appspot.com"
  },
  "client": [
    {
      "client_info": {
        "mobilesdk_app_id": "1:241897784853:android:a7acbd28a386ee2c27701c",
        "android_client_info": {
          "package_name": "com.example.social"
        }
      },
      "oauth_client": [],
      "api_key": [
        {
          "current_key": "AIzaSyD_JBJG7bUCHVfUz-zPZxqfIyl-qe7dxpo"
        }
      ],
      "services": {
        "appinvite_service": {
          "other_platform_oauth_client": []
        }
      }
    }
  ],
  "configuration_version": "1"
}